{
  "$schema": "https://raw.githubusercontent.com/martinring/tmlanguage/master/tmlanguage.json",
  "name": "Opal",
  "patterns": [
    {
      "include": "#keywords"
    },
    {
      "include": "#strings"
    },
    {
      "include": "#comments"
    },
    {
      "include": "#constants"
    },
    {
      "include": "#storage"
    },
    {
      "include": "#support"
    },
    {
      "include": "#variables"
    },
    {
      "include": "#functions"
    },
    {
      "include": "#operators"
    }
  ],
  "repository": {
    "keywords": {
      "patterns": [
        {
          "name": "keyword.control.opal",
          "match": "\\b(if|else|then|end|for|while|do|return|when|case|import|module|class|function|nc)\\b"
        },
        {
          "name": "keyword.operator.opal",
          "match": "(->|=>)"
        }
      ]
    },
    "strings": {
      "name": "string.quoted.double.opal",
      "begin": "\"",
      "end": "\"",
      "patterns": [
        {
          "name": "constant.character.escape.opal",
          "match": "\\\\."
        }
      ]
    },
    "comments": {
      "patterns": [
        {
          "name": "comment.line.double-slash.opal",
          "match": "//.*$"
        },
        {
          "name": "comment.block.opal",
          "begin": "/\\*",
          "end": "\\*/"
        }
      ]
    },
    "constants": {
      "patterns": [
        {
          "name": "constant.language.opal",
          "match": "\\b(true|false|null|Void|Integer|Float32|Float64|Boolean|String|Array|Map|Any)\\b"
        },
        {
          "name": "constant.numeric.opal",
          "match": "\\b([0-9]+)\\b"
        }
      ]
    },
    "storage": {
      "patterns": [
        {
          "name": "storage.type.opal",
          "match": "\\b(nc|var)\\b"
        }
      ]
    },
    "support": {
      "patterns": [
        {
          "name": "support.function.opal",
          "match": "\\b(OpalSystemCall)\\b"
        },
        {
          "name": "support.variable.opal",
          "match": "\\b(out)\\b"
        }
      ]
    },
    "variables": {
      "patterns": [
        {
          "name": "variable.parameter.opal",
          "match": "\\b([a-zA-Z_][a-zA-Z0-9_]*)\\s*:"
        }
      ]
    },
    "functions": {
      "patterns": [
        {
          "name": "entity.name.function.opal",
          "match": "\\b(function)\\s+([a-zA-Z_][a-zA-Z0-9_]*)\\s*\\("
        },
        {
          "name": "entity.name.function.special.opal",
          "match": "\\b(first)\\s*\\("
        }
      ]
    },
    "operators": {
      "patterns": [
        {
          "name": "keyword.operator.assignment.opal",
          "match": "<-"
        },
        {
          "name": "keyword.operator.arithmetic.opal",
          "match": "\\+|\\-|\\*|\\/|\\%"
        },
        {
          "name": "keyword.operator.logical.opal",
          "match": "\\!|\\&\\&|\\|\\|"
        },
        {
          "name": "keyword.operator.comparison.opal",
          "match": "==|!=|<|>|<=|>="
        }
      ]
    }
  },
  "scopeName": "source.opal"
}
