{
  "comments": {
    "lineComment": "//",
    "blockComment": ["/*", "*/"]
  },
  "brackets": [
    ["(", ")"],
    ["[", "]"],
    ["{", "}"],
    ["then", "end"]
  ],
  "autoClosingPairs": [
    { "open": "(", "close": ")" },
    { "open": "[", "close": "]" },
    { "open": "{", "close": "}" },
    { "open": "\"", "close": "\"", "notIn": ["string"] },
    { "open": "'", "close": "'", "notIn": ["string"] },
    { "open": "/*", "close": "*/", "notIn": ["string"] },
    { "open": "then", "close": "end", "notIn": ["string", "comment"] }
  ],
  "surroundingPairs": [
    ["(", ")"],
    ["[", "]"],
    ["{", "}"],
    ["\"", "\""],
    ["'", "'"],
    ["then", "end"]
  ],
  "folding": {
    "markers": {
      "start": "^\\s*//\\s*#?region\\b",
      "end": "^\\s*//\\s*#?endregion\\b"
    }
  },
  "wordPattern": "(-?\\d*\\.\\d\\w*)|([^\\`\\~\\!\\@\\#\\%\\^\\&\\*\\(\\)\\-\\=\\+\\[\\{\\]\\}\\\\\\|\\;\\:\\'\\\"\\,\\.\\<\\>\\/\\?\\s]+)",
  "indentationRules": {
    "increaseIndentPattern": "^.*\\b(then)\\b[^;]*$",
    "decreaseIndentPattern": "^\\s*(end)\\b.*$"
  }
}
