{
  "module": {
    "prefix": "module",
    "body": [
      "module ${1:ModuleName} then",
      "\t$0",
      "end"
    ],
    "description": "Create a new Opal module"
  },
  "function": {
    "prefix": "function",
    "body": [
      "function ${1:functionName}(${2:parameters}) -> ${3:ReturnType} then",
      "\t$0",
      "end"
    ],
    "description": "Create a new function"
  },
  "first": {
    "prefix": "first",
    "body": [
      "function first() -> Void then",
      "\t$0",
      "end"
    ],
    "description": "Create the entry point function"
  },
  "class": {
    "prefix": "class",
    "body": [
      "class ${1:ClassName} then",
      "\t// Fields",
      "\tnc ${2:fieldName}: ${3:Type};",
      "\t",
      "\t// Constructor",
      "\tfunction init(${4:parameters}) -> Void then",
      "\t\t$0",
      "\tend",
      "end"
    ],
    "description": "Create a new class"
  },
  "if": {
    "prefix": "if",
    "body": [
      "if ${1:condition} then",
      "\t$0",
      "end"
    ],
    "description": "Create an if statement"
  },
  "ifelse": {
    "prefix": "ifelse",
    "body": [
      "if ${1:condition} then",
      "\t${2:// code}",
      "else then",
      "\t$0",
      "end"
    ],
    "description": "Create an if-else statement"
  },
  "for": {
    "prefix": "for",
    "body": [
      "for (nc ${1:i} <- ${2:0}; ${1:i} < ${3:10}; ${1:i} <- ${1:i} + 1) then",
      "\t$0",
      "end"
    ],
    "description": "Create a for loop"
  },
  "while": {
    "prefix": "while",
    "body": [
      "while ${1:condition} then",
      "\t$0",
      "end"
    ],
    "description": "Create a while loop"
  },
  "when": {
    "prefix": "when",
    "body": [
      "when ${1:expression} then",
      "\tcase ${2:value1} then",
      "\t\t${3:// code}",
      "\tcase ${4:value2} then",
      "\t\t${5:// code}",
      "\telse then",
      "\t\t$0",
      "end"
    ],
    "description": "Create a when-case statement"
  },
  "print": {
    "prefix": "print",
    "body": [
      "OpalSystemCall.(\"${1:Hello, World!}\") -> out;"
    ],
    "description": "Print without newline"
  },
  "println": {
    "prefix": "println",
    "body": [
      "OpalSystemCall.(\"${1:Hello, World!}\") => out;"
    ],
    "description": "Print with newline"
  },
  "helloworld": {
    "prefix": "helloworld",
    "body": [
      "module HelloWorld then",
      "\tfunction first() -> Void then",
      "\t\tOpalSystemCall.(\"Hello, World!\") -> out;",
      "\tend",
      "end"
    ],
    "description": "Create a Hello World program"
  }
}
